USE crs_db;

INSERT INTO Users (username, password, role, email, status) VALUES
('admin', 'admin123', 'admin', 'meow_d@tuta.io', 'active'),
('officer1', 'officer123', 'officer', 'meow_d@example.com', 'active'),
('officer2', 'officer123', 'officer', 'mmeow_d@example.com', 'active');

INSERT INTO Students (id, name, program, email, current_cgpa) VALUES
(1, 'Fiona Smith', 'Computer Science', 'fiona.smith@university.edu', 3.45),
(2, 'George Wilson', 'Literature', 'george.wilson@university.edu', 2.78),
(3, 'Ivan Wilson', 'Mathematics', 'ivan.wilson@university.edu', 3.12),
(4, 'Ivan Chen', 'Philosophy', 'ivan.chen@university.edu', 2.95),
(5, 'Bob Smith', 'Statistics', 'bob.smith@university.edu', 3.21),
(6, 'Quinn Chen', 'Engineering', 'quinn.chen@university.edu', 1.85),
(7, 'Oscar Smith', 'Philosophy', 'oscar.smith@university.edu', 2.67),
(8, 'Bob Chen', 'Engineering', 'bob.chen@university.edu', 1.92),
(9, 'Rachel Davis', 'Physics', 'rachel.davis@university.edu', 3.34),
(10, 'Charlie Miller', 'Computer Science', 'charlie.miller@university.edu', 2.45),
(11, 'Charlie Brown', 'Engineering', 'charlie.brown@university.edu', 3.56),
(12, 'Quinn Chen', 'Engineering', 'quinn.chen@university.edu', 2.88),
(13, 'Ivan Lee', 'Engineering', 'ivan.lee@university.edu', 3.01),
(14, 'Diana Brown', 'Economics', 'diana.brown@university.edu', 2.34),
(15, 'Alice Wilson', 'Engineering', 'alice.wilson@university.edu', 3.67),
(16, 'Bob Smith', 'History', 'bob.smith@university.edu', 2.12),
(17, 'Alice Johnson', 'Philosophy', 'alice.johnson@university.edu', 3.23),
(18, 'Julia Davis', 'Mathematics', 'julia.davis@university.edu', 2.99),
(19, 'Nina Miller', 'History', 'nina.miller@university.edu', 3.45),
(20, 'Rachel Miller', 'Biology', 'rachel.miller@university.edu', 2.56),
(21, 'Rachel Miller', 'History', 'rachel.miller@university.edu', 1.78),
(22, 'Ivan Smith', 'Mathematics', 'ivan.smith@university.edu', 3.11),
(23, 'Nina Taylor', 'Engineering', 'nina.taylor@university.edu', 2.87),
(24, 'Quinn Brown', 'Physics', 'quinn.brown@university.edu', 3.32),
(25, 'Paula Taylor', 'Statistics', 'paula.taylor@university.edu', 2.43),
(26, 'Fiona Lee', 'Engineering', 'fiona.lee@university.edu', 3.54),
(27, 'Michael Wilson', 'Mathematics', 'michael.wilson@university.edu', 2.76),
(28, 'Laura Lee', 'Mathematics', 'laura.lee@university.edu', 3.08),
(29, 'Tina Kumar', 'Literature', 'tina.kumar@university.edu', 2.91),
(30, 'Quinn Wilson', 'Philosophy', 'quinn.wilson@university.edu', 3.19),
(31, 'Alice Brown', 'Philosophy', 'alice.brown@university.edu', 2.65),
(32, 'Paula Kumar', 'History', 'paula.kumar@university.edu', 3.42),
(33, 'Fiona Chen', 'Economics', 'fiona.chen@university.edu', 2.83),
(34, 'Rachel Taylor', 'Mathematics', 'rachel.taylor@university.edu', 3.27),
(35, 'Quinn Brown', 'Engineering', 'quinn.brown@university.edu', 1.95),
(36, 'Paula Miller', 'History', 'paula.miller@university.edu', 2.54),
(37, 'Sam Chen', 'Computer Science', 'sam.chen@university.edu', 3.61),
(38, 'Bob Chen', 'Philosophy', 'bob.chen@university.edu', 2.38),
(39, 'Rachel Miller', 'Philosophy', 'rachel.miller@university.edu', 3.15),
(40, 'Quinn Smith', 'Biology', 'quinn.smith@university.edu', 2.72),
(41, 'Diana Chen', 'Physics', 'diana.chen@university.edu', 3.38),
(42, 'Alice Smith', 'Literature', 'alice.smith@university.edu', 2.96),
(43, 'Ivan Chen', 'Economics', 'ivan.chen@university.edu', 3.04),
(44, 'Tina Miller', 'Economics', 'tina.miller@university.edu', 2.61),
(45, 'Diana Taylor', 'Economics', 'diana.taylor@university.edu', 3.29),
(46, 'Ethan Lee', 'Statistics', 'ethan.lee@university.edu', 2.47),
(47, 'Bob Lee', 'Physics', 'bob.lee@university.edu', 3.52),
(48, 'Bob Smith', 'Statistics', 'bob.smith@university.edu', 1.89),
(49, 'Alice Kumar', 'Physics', 'alice.kumar@university.edu', 2.73),
(50, 'Ethan Lee', 'Economics', 'ethan.lee@university.edu', 3.16),
(51, 'Fiona Kumar', 'Engineering', 'fiona.kumar@university.edu', 2.84),
(52, 'Nina Miller', 'Statistics', 'nina.miller@university.edu', 3.37),
(53, 'George Smith', 'Statistics', 'george.smith@university.edu', 2.58),
(54, 'Rachel Smith', 'History', 'rachel.smith@university.edu', 3.22),
(55, 'Ivan Lee', 'Mathematics', 'ivan.lee@university.edu', 2.93),
(56, 'Michael Chen', 'Physics', 'michael.chen@university.edu', 3.48),
(57, 'Fiona Davis', 'Statistics', 'fiona.davis@university.edu', 1.76),
(58, 'Ivan Smith', 'Literature', 'ivan.smith@university.edu', 2.69),
(59, 'Oscar Lee', 'Physics', 'oscar.lee@university.edu', 3.31),
(60, 'Diana Wilson', 'Physics', 'diana.wilson@university.edu', 2.85),
(61, 'Kevin Wilson', 'Philosophy', 'kevin.wilson@university.edu', 3.13),
(62, 'Julia Davis', 'Literature', 'julia.davis@university.edu', 2.46),
(63, 'Bob Taylor', 'Economics', 'bob.taylor@university.edu', 3.59),
(64, 'Kevin Lee', 'Engineering', 'kevin.lee@university.edu', 2.32),
(65, 'Bob Taylor', 'Philosophy', 'bob.taylor@university.edu', 3.07),
(66, 'Michael Johnson', 'Economics', 'michael.johnson@university.edu', 2.74),
(67, 'Ivan Miller', 'Statistics', 'ivan.miller@university.edu', 3.26),
(68, 'Hannah Kumar', 'Literature', 'hannah.kumar@university.edu', 2.51),
(69, 'Quinn Smith', 'Philosophy', 'quinn.smith@university.edu', 3.44),
(70, 'George Brown', 'Physics', 'george.brown@university.edu', 2.89),
(71, 'Fiona Taylor', 'Biology', 'fiona.taylor@university.edu', 3.18),
(72, 'Michael Taylor', 'Biology', 'michael.taylor@university.edu', 2.63),
(73, 'Bob Smith', 'Computer Science', 'bob.smith@university.edu', 3.35),
(74, 'Quinn Kumar', 'Economics', 'quinn.kumar@university.edu', 1.82),
(75, 'Diana Lee', 'History', 'diana.lee@university.edu', 2.97),
(76, 'Diana Wilson', 'Philosophy', 'diana.wilson@university.edu', 3.41),
(77, 'Tina Brown', 'Biology', 'tina.brown@university.edu', 2.55),
(78, 'Rachel Davis', 'Physics', 'rachel.davis@university.edu', 3.24),
(79, 'Paula Smith', 'Engineering', 'paula.smith@university.edu', 2.71),
(80, 'Michael Lee', 'Literature', 'michael.lee@university.edu', 3.09),
(81, 'Bob Chen', 'Statistics', 'bob.chen@university.edu', 2.42),
(82, 'Quinn Kumar', 'Economics', 'quinn.kumar@university.edu', 3.53),
(83, 'Charlie Brown', 'Economics', 'charlie.brown@university.edu', 2.86),
(84, 'Julia Davis', 'Engineering', 'julia.davis@university.edu', 3.33),
(85, 'Quinn Lee', 'History', 'quinn.lee@university.edu', 2.59),
(86, 'Laura Taylor', 'Economics', 'laura.taylor@university.edu', 3.21),
(87, 'Diana Miller', 'Literature', 'diana.miller@university.edu', 2.94),
(88, 'Quinn Miller', 'Economics', 'quinn.miller@university.edu', 3.47),
(89, 'Alice Chen', 'Economics', 'alice.chen@university.edu', 2.68),
(90, 'Quinn Lee', 'Engineering', 'quinn.lee@university.edu', 3.14),
(91, 'Rachel Miller', 'Biology', 'rachel.miller@university.edu', 2.81),
(92, 'Hannah Smith', 'Economics', 'hannah.smith@university.edu', 3.36),
(93, 'Kevin Brown', 'Statistics', 'kevin.brown@university.edu', 1.93),
(94, 'Sam Chen', 'Literature', 'sam.chen@university.edu', 2.57),
(95, 'Tina Smith', 'Literature', 'tina.smith@university.edu', 3.28),
(96, 'Laura Kumar', 'Computer Science', 'laura.kumar@university.edu', 2.75),
(97, 'Charlie Chen', 'History', 'charlie.chen@university.edu', 3.11),
(98, 'Quinn Johnson', 'Literature', 'quinn.johnson@university.edu', 2.49),
(99, 'Julia Lee', 'Mathematics', 'julia.lee@university.edu', 3.58),
(100, 'Hannah Taylor', 'Statistics', 'hannah.taylor@university.edu', 2.92);

INSERT INTO Courses (code, title, credit_hours) VALUES
('C101', 'Algorithms', 4),
('C102', 'Artificial Intelligence', 2),
('C103', 'Biology', 2),
('C104', 'Chemistry', 3),
('C105', 'Operating Systems', 2),
('C106', 'Artificial Intelligence', 4),
('C107', 'English Composition', 4),
('C108', 'Literature', 3),
('C109', 'Software Engineering', 2),
('C110', 'Literature', 3),
('C111', 'Database Systems', 2),
('C112', 'English Composition', 2),
('C113', 'Data Structures', 4),
('C114', 'Software Engineering', 4),
('C115', 'Cybersecurity', 3),
('C116', 'Operating Systems', 3),
('C117', 'Cybersecurity', 2),
('C118', 'Software Engineering', 2),
('C119', 'Philosophy', 4),
('C120', 'Machine Learning', 3),
('C121', 'Computer Science', 3),
('C122', 'Mathematics', 4),
('C123', 'Operating Systems', 2),
('C124', 'Mathematics', 3),
('C125', 'Mathematics', 2),
('C126', 'Cybersecurity', 2),
('C127', 'History', 4),
('C128', 'Mathematics', 2),
('C129', 'Software Engineering', 4),
('C130', 'History', 4),
('C131', 'Cybersecurity', 4),
('C132', 'Physics', 3),
('C133', 'Physics', 3),
('C134', 'Data Structures', 4),
('C135', 'Biology', 2),
('C136', 'Artificial Intelligence', 4),
('C137', 'Algorithms', 3),
('C138', 'Cybersecurity', 3),
('C139', 'Economics', 3),
('C140', 'Philosophy', 4),
('C141', 'English Composition', 4),
('C142', 'Networking', 3),
('C143', 'Biology', 4),
('C144', 'Mathematics', 3),
('C145', 'Cybersecurity', 4),
('C146', 'Cybersecurity', 2),
('C147', 'Philosophy', 4),
('C148', 'English Composition', 2),
('C149', 'English Composition', 2),
('C150', 'Literature', 4),
('C151', 'Philosophy', 2),
('C152', 'Computer Science', 2),
('C153', 'Data Structures', 3),
('C154', 'Networking', 4),
('C155', 'Operating Systems', 3),
('C156', 'Economics', 3),
('C157', 'Operating Systems', 2),
('C158', 'Computer Science', 3),
('C159', 'Literature', 3),
('C160', 'English Composition', 3),
('C161', 'History', 2),
('C162', 'Philosophy', 3),
('C163', 'Economics', 2),
('C164', 'English Composition', 2),
('C165', 'Artificial Intelligence', 4),
('C166', 'History', 3),
('C167', 'Software Engineering', 3),
('C168', 'Networking', 4),
('C169', 'Computer Science', 4),
('C170', 'Statistics', 4),
('C171', 'Cybersecurity', 4),
('C172', 'Chemistry', 2),
('C173', 'Computer Science', 2),
('C174', 'Computer Science', 3),
('C175', 'Physics', 2),
('C176', 'Economics', 2),
('C177', 'Statistics', 2),
('C178', 'English Composition', 2),
('C179', 'English Composition', 3),
('C180', 'Software Engineering', 4),
('C181', 'Statistics', 3),
('C182', 'Statistics', 4),
('C183', 'English Composition', 4),
('C184', 'Database Systems', 3),
('C185', 'Data Structures', 4),
('C186', 'Machine Learning', 4),
('C187', 'Statistics', 3),
('C188', 'Literature', 4),
('C189', 'Data Structures', 3),
('C190', 'Statistics', 2),
('C191', 'Software Engineering', 3),
('C192', 'Cybersecurity', 4),
('C193', 'Artificial Intelligence', 4),
('C194', 'Data Structures', 3),
('C195', 'Philosophy', 4),
('C196', 'Computer Science', 2),
('C197', 'Statistics', 4),
('C198', 'English Composition', 3),
('C199', 'Networking', 3),
('C200', 'Physics', 3);

INSERT INTO Grades (student_id, course_code, semester, year, attempt_no, grade, grade_point, status) VALUES
(1, 'C101', 'Semester 1', 2024, 1, 'A', 4.0, 'passed'),
(1, 'C113', 'Semester 1', 2024, 1, 'A-', 3.7, 'passed'),
(1, 'C120', 'Semester 1', 2024, 1, 'B+', 3.3, 'passed'),
(1, 'C152', 'Semester 1', 2024, 1, 'A', 4.0, 'passed'),
(1, 'C184', 'Semester 1', 2024, 1, 'B+', 3.3, 'passed'),

(2, 'C108', 'Semester 1', 2024, 1, 'B', 3.0, 'passed'),
(2, 'C110', 'Semester 1', 2024, 1, 'B-', 2.7, 'passed'),
(2, 'C150', 'Semester 1', 2024, 1, 'C+', 2.3, 'passed'),
(2, 'C159', 'Semester 1', 2024, 1, 'B', 3.0, 'passed'),
(2, 'C188', 'Semester 1', 2024, 1, 'C', 2.0, 'passed'),

(3, 'C122', 'Semester 1', 2024, 1, 'A-', 3.7, 'passed'),
(3, 'C124', 'Semester 1', 2024, 1, 'B+', 3.3, 'passed'),
(3, 'C125', 'Semester 1', 2024, 1, 'B', 3.0, 'passed'),
(3, 'C144', 'Semester 1', 2024, 1, 'A-', 3.7, 'passed'),
(3, 'C170', 'Semester 1', 2024, 1, 'B+', 3.3, 'passed'),

(4, 'C119', 'Semester 1', 2024, 1, 'B', 3.0, 'passed'),
(4, 'C140', 'Semester 1', 2024, 1, 'B-', 2.7, 'passed'),
(4, 'C147', 'Semester 1', 2024, 1, 'C+', 2.3, 'passed'),
(4, 'C151', 'Semester 1', 2024, 1, 'B', 3.0, 'passed'),
(4, 'C195', 'Semester 1', 2024, 1, 'C', 2.0, 'passed'),

(5, 'C170', 'Semester 1', 2024, 1, 'A-', 3.7, 'passed'),
(5, 'C177', 'Semester 1', 2024, 1, 'B+', 3.3, 'passed'),
(5, 'C181', 'Semester 1', 2024, 1, 'B', 3.0, 'passed'),
(5, 'C182', 'Semester 1', 2024, 1, 'A-', 3.7, 'passed'),
(5, 'C190', 'Semester 1', 2024, 1, 'B+', 3.3, 'passed'),

(6, 'C105', 'Semester 1', 2024, 1, 'D+', 1.3, 'failed'),
(6, 'C116', 'Semester 1', 2024, 1, 'F', 0.0, 'failed'),
(6, 'C123', 'Semester 1', 2024, 1, 'C', 2.0, 'passed'),
(6, 'C155', 'Semester 1', 2024, 1, 'D', 1.0, 'failed'),
(6, 'C157', 'Semester 1', 2024, 1, 'F', 0.0, 'failed'),

(7, 'C119', 'Semester 1', 2024, 1, 'C+', 2.3, 'passed'),
(7, 'C140', 'Semester 1', 2024, 1, 'D+', 1.3, 'failed'),
(7, 'C147', 'Semester 1', 2024, 1, 'B-', 2.7, 'passed'),
(7, 'C151', 'Semester 1', 2024, 1, 'C', 2.0, 'passed'),
(7, 'C195', 'Semester 1', 2024, 1, 'D', 1.0, 'failed'),

(8, 'C105', 'Semester 1', 2024, 1, 'F', 0.0, 'failed'),
(8, 'C116', 'Semester 1', 2024, 1, 'D+', 1.3, 'failed'),
(8, 'C123', 'Semester 1', 2024, 1, 'C-', 1.7, 'passed'),
(8, 'C155', 'Semester 1', 2024, 1, 'F', 0.0, 'failed'),
(8, 'C157', 'Semester 1', 2024, 1, 'D', 1.0, 'failed'),

(9, 'C132', 'Semester 1', 2024, 1, 'A', 4.0, 'passed'),
(9, 'C133', 'Semester 1', 2024, 1, 'A-', 3.7, 'passed'),
(9, 'C175', 'Semester 1', 2024, 1, 'B+', 3.3, 'passed'),
(9, 'C200', 'Semester 1', 2024, 1, 'A', 4.0, 'passed'),
(9, 'C104', 'Semester 1', 2024, 1, 'B', 3.0, 'passed'),

(10, 'C101', 'Semester 1', 2024, 1, 'C', 2.0, 'passed'),
(10, 'C113', 'Semester 1', 2024, 1, 'D+', 1.3, 'failed'),
(10, 'C152', 'Semester 1', 2024, 1, 'B-', 2.7, 'passed'),
(10, 'C153', 'Semester 1', 2024, 1, 'C+', 2.3, 'passed'),
(10, 'C189', 'Semester 1', 2024, 1, 'D', 1.0, 'failed'),

(11, 'C109', 'Semester 1', 2024, 1, 'A', 4.0, 'passed'),
(11, 'C114', 'Semester 1', 2024, 1, 'A-', 3.7, 'passed'),
(11, 'C118', 'Semester 1', 2024, 1, 'A', 4.0, 'passed'),
(11, 'C167', 'Semester 1', 2024, 1, 'A', 4.0, 'passed'),
(11, 'C191', 'Semester 1', 2024, 1, 'A-', 3.7, 'passed'),

(12, 'C105', 'Semester 1', 2024, 1, 'B-', 2.7, 'passed'),
(12, 'C116', 'Semester 1', 2024, 1, 'B', 3.0, 'passed'),
(12, 'C123', 'Semester 1', 2024, 1, 'C+', 2.3, 'passed'),
(12, 'C155', 'Semester 1', 2024, 1, 'B-', 2.7, 'passed'),
(12, 'C157', 'Semester 1', 2024, 1, 'C', 2.0, 'passed'),

(13, 'C109', 'Semester 1', 2024, 1, 'B+', 3.3, 'passed'),
(13, 'C114', 'Semester 1', 2024, 1, 'B', 3.0, 'passed'),
(13, 'C118', 'Semester 1', 2024, 1, 'B-', 2.7, 'passed'),
(13, 'C167', 'Semester 1', 2024, 1, 'A-', 3.7, 'passed'),
(13, 'C191', 'Semester 1', 2024, 1, 'B+', 3.3, 'passed'),

(14, 'C139', 'Semester 1', 2024, 1, 'C', 2.0, 'passed'),
(14, 'C156', 'Semester 1', 2024, 1, 'D+', 1.3, 'failed'),
(14, 'C163', 'Semester 1', 2024, 1, 'B-', 2.7, 'passed'),
(14, 'C176', 'Semester 1', 2024, 1, 'C+', 2.3, 'passed'),
(14, 'C179', 'Semester 1', 2024, 1, 'D', 1.0, 'failed'),

(15, 'C109', 'Semester 1', 2024, 1, 'A', 4.0, 'passed'),
(15, 'C114', 'Semester 1', 2024, 1, 'A', 4.0, 'passed'),
(15, 'C118', 'Semester 1', 2024, 1, 'A-', 3.7, 'passed'),
(15, 'C167', 'Semester 1', 2024, 1, 'A', 4.0, 'passed'),
(15, 'C191', 'Semester 1', 2024, 1, 'A', 4.0, 'passed'),

(16, 'C127', 'Semester 1', 2024, 1, 'C', 2.0, 'passed'),
(16, 'C130', 'Semester 1', 2024, 1, 'D+', 1.3, 'failed'),
(16, 'C161', 'Semester 1', 2024, 1, 'B-', 2.7, 'passed'),
(16, 'C166', 'Semester 1', 2024, 1, 'C+', 2.3, 'passed'),
(16, 'C198', 'Semester 1', 2024, 1, 'D', 1.0, 'failed'),

(17, 'C119', 'Semester 1', 2024, 1, 'A-', 3.7, 'passed'),
(17, 'C140', 'Semester 1', 2024, 1, 'B+', 3.3, 'passed'),
(17, 'C147', 'Semester 1', 2024, 1, 'B', 3.0, 'passed'),
(17, 'C151', 'Semester 1', 2024, 1, 'A-', 3.7, 'passed'),
(17, 'C195', 'Semester 1', 2024, 1, 'B+', 3.3, 'passed'),

(18, 'C122', 'Semester 1', 2024, 1, 'B+', 3.3, 'passed'),
(18, 'C124', 'Semester 1', 2024, 1, 'B', 3.0, 'passed'),
(18, 'C125', 'Semester 1', 2024, 1, 'C+', 2.3, 'passed'),
(18, 'C144', 'Semester 1', 2024, 1, 'B+', 3.3, 'passed'),
(18, 'C170', 'Semester 1', 2024, 1, 'C', 2.0, 'passed'),

(19, 'C127', 'Semester 1', 2024, 1, 'A', 4.0, 'passed'),
(19, 'C130', 'Semester 1', 2024, 1, 'A-', 3.7, 'passed'),
(19, 'C161', 'Semester 1', 2024, 1, 'B+', 3.3, 'passed'),
(19, 'C166', 'Semester 1', 2024, 1, 'A', 4.0, 'passed'),
(19, 'C198', 'Semester 1', 2024, 1, 'B+', 3.3, 'passed'),

(20, 'C103', 'Semester 1', 2024, 1, 'B-', 2.7, 'passed'),
(20, 'C135', 'Semester 1', 2024, 1, 'C', 2.0, 'passed'),
(20, 'C143', 'Semester 1', 2024, 1, 'D+', 1.3, 'failed'),
(20, 'C172', 'Semester 1', 2024, 1, 'B', 3.0, 'passed'),
(20, 'C185', 'Semester 1', 2024, 1, 'D', 1.0, 'failed'),

(21, 'C127', 'Semester 1', 2024, 1, 'F', 0.0, 'failed'),
(21, 'C130', 'Semester 1', 2024, 1, 'D+', 1.3, 'failed'),
(21, 'C161', 'Semester 1', 2024, 1, 'C', 2.0, 'passed'),
(21, 'C166', 'Semester 1', 2024, 1, 'F', 0.0, 'failed'),
(21, 'C198', 'Semester 1', 2024, 1, 'D', 1.0, 'failed'),

(22, 'C122', 'Semester 1', 2024, 1, 'A-', 3.7, 'passed'),
(22, 'C124', 'Semester 1', 2024, 1, 'B+', 3.3, 'passed'),
(22, 'C125', 'Semester 1', 2024, 1, 'B', 3.0, 'passed'),
(22, 'C144', 'Semester 1', 2024, 1, 'B+', 3.3, 'passed'),
(22, 'C170', 'Semester 1', 2024, 1, 'B', 3.0, 'passed'),

(23, 'C109', 'Semester 1', 2024, 1, 'B', 3.0, 'passed'),
(23, 'C114', 'Semester 1', 2024, 1, 'B-', 2.7, 'passed'),
(23, 'C118', 'Semester 1', 2024, 1, 'C+', 2.3, 'passed'),
(23, 'C167', 'Semester 1', 2024, 1, 'B+', 3.3, 'passed'),
(23, 'C191', 'Semester 1', 2024, 1, 'C', 2.0, 'passed'),

(24, 'C132', 'Semester 1', 2024, 1, 'A-', 3.7, 'passed'),
(24, 'C133', 'Semester 1', 2024, 1, 'B+', 3.3, 'passed'),
(24, 'C175', 'Semester 1', 2024, 1, 'A', 4.0, 'passed'),
(24, 'C200', 'Semester 1', 2024, 1, 'A-', 3.7, 'passed'),
(24, 'C104', 'Semester 1', 2024, 1, 'B+', 3.3, 'passed'),

(25, 'C170', 'Semester 1', 2024, 1, 'C', 2.0, 'passed'),
(25, 'C177', 'Semester 1', 2024, 1, 'D+', 1.3, 'failed'),
(25, 'C181', 'Semester 1', 2024, 1, 'B-', 2.7, 'passed'),
(25, 'C182', 'Semester 1', 2024, 1, 'C+', 2.3, 'passed'),
(25, 'C190', 'Semester 1', 2024, 1, 'D', 1.0, 'failed'),

(26, 'C109', 'Semester 1', 2024, 1, 'A', 4.0, 'passed'),
(26, 'C114', 'Semester 1', 2024, 1, 'A', 4.0, 'passed'),
(26, 'C118', 'Semester 1', 2024, 1, 'A-', 3.7, 'passed'),
(26, 'C167', 'Semester 1', 2024, 1, 'A', 4.0, 'passed'),
(26, 'C191', 'Semester 1', 2024, 1, 'A', 4.0, 'passed'),

(27, 'C122', 'Semester 1', 2024, 1, 'B', 3.0, 'passed'),
(27, 'C124', 'Semester 1', 2024, 1, 'B-', 2.7, 'passed'),
(27, 'C125', 'Semester 1', 2024, 1, 'C+', 2.3, 'passed'),
(27, 'C144', 'Semester 1', 2024, 1, 'B', 3.0, 'passed'),
(27, 'C170', 'Semester 1', 2024, 1, 'C', 2.0, 'passed'),

(28, 'C122', 'Semester 1', 2024, 1, 'B+', 3.3, 'passed'),
(28, 'C124', 'Semester 1', 2024, 1, 'B', 3.0, 'passed'),
(28, 'C125', 'Semester 1', 2024, 1, 'B-', 2.7, 'passed'),
(28, 'C144', 'Semester 1', 2024, 1, 'A-', 3.7, 'passed'),
(28, 'C170', 'Semester 1', 2024, 1, 'B+', 3.3, 'passed'),

(29, 'C108', 'Semester 1', 2024, 1, 'B+', 3.3, 'passed'),
(29, 'C110', 'Semester 1', 2024, 1, 'B', 3.0, 'passed'),
(29, 'C150', 'Semester 1', 2024, 1, 'C+', 2.3, 'passed'),
(29, 'C159', 'Semester 1', 2024, 1, 'B-', 2.7, 'passed'),
(29, 'C188', 'Semester 1', 2024, 1, 'C', 2.0, 'passed'),

(30, 'C119', 'Semester 1', 2024, 1, 'A-', 3.7, 'passed'),
(30, 'C140', 'Semester 1', 2024, 1, 'B+', 3.3, 'passed'),
(30, 'C147', 'Semester 1', 2024, 1, 'B', 3.0, 'passed'),
(30, 'C151', 'Semester 1', 2024, 1, 'A-', 3.7, 'passed'),
(30, 'C195', 'Semester 1', 2024, 1, 'B+', 3.3, 'passed'),

(31, 'C119', 'Semester 1', 2024, 1, 'C+', 2.3, 'passed'),
(31, 'C140', 'Semester 1', 2024, 1, 'D+', 1.3, 'failed'),
(31, 'C147', 'Semester 1', 2024, 1, 'B-', 2.7, 'passed'),
(31, 'C151', 'Semester 1', 2024, 1, 'C', 2.0, 'passed'),
(31, 'C195', 'Semester 1', 2024, 1, 'D', 1.0, 'failed'),

(32, 'C127', 'Semester 1', 2024, 1, 'A', 4.0, 'passed'),
(32, 'C130', 'Semester 1', 2024, 1, 'A-', 3.7, 'passed'),
(32, 'C161', 'Semester 1', 2024, 1, 'B+', 3.3, 'passed'),
(32, 'C166', 'Semester 1', 2024, 1, 'A', 4.0, 'passed'),
(32, 'C198', 'Semester 1', 2024, 1, 'B+', 3.3, 'passed'),

(33, 'C139', 'Semester 1', 2024, 1, 'B', 3.0, 'passed'),
(33, 'C156', 'Semester 1', 2024, 1, 'B-', 2.7, 'passed'),
(33, 'C163', 'Semester 1', 2024, 1, 'C+', 2.3, 'passed'),
(33, 'C176', 'Semester 1', 2024, 1, 'B', 3.0, 'passed'),
(33, 'C179', 'Semester 1', 2024, 1, 'C', 2.0, 'passed'),

(34, 'C122', 'Semester 1', 2024, 1, 'A-', 3.7, 'passed'),
(34, 'C124', 'Semester 1', 2024, 1, 'B+', 3.3, 'passed'),
(34, 'C125', 'Semester 1', 2024, 1, 'B', 3.0, 'passed'),
(34, 'C144', 'Semester 1', 2024, 1, 'A-', 3.7, 'passed'),
(34, 'C170', 'Semester 1', 2024, 1, 'B+', 3.3, 'passed'),

(35, 'C109', 'Semester 1', 2024, 1, 'D+', 1.3, 'failed'),
(35, 'C114', 'Semester 1', 2024, 1, 'F', 0.0, 'failed'),
(35, 'C118', 'Semester 1', 2024, 1, 'C', 2.0, 'passed'),
(35, 'C167', 'Semester 1', 2024, 1, 'D', 1.0, 'failed'),
(35, 'C191', 'Semester 1', 2024, 1, 'F', 0.0, 'failed'),

(36, 'C127', 'Semester 1', 2024, 1, 'C', 2.0, 'passed'),
(36, 'C130', 'Semester 1', 2024, 1, 'D+', 1.3, 'failed'),
(36, 'C161', 'Semester 1', 2024, 1, 'B-', 2.7, 'passed'),
(36, 'C166', 'Semester 1', 2024, 1, 'C+', 2.3, 'passed'),
(36, 'C198', 'Semester 1', 2024, 1, 'D', 1.0, 'failed'),

(37, 'C101', 'Semester 1', 2024, 1, 'A', 4.0, 'passed'),
(37, 'C113', 'Semester 1', 2024, 1, 'A', 4.0, 'passed'),
(37, 'C120', 'Semester 1', 2024, 1, 'A-', 3.7, 'passed'),
(37, 'C152', 'Semester 1', 2024, 1, 'A', 4.0, 'passed'),
(37, 'C184', 'Semester 1', 2024, 1, 'A', 4.0, 'passed'),

(38, 'C119', 'Semester 1', 2024, 1, 'C', 2.0, 'passed'),
(38, 'C140', 'Semester 1', 2024, 1, 'D+', 1.3, 'failed'),
(38, 'C147', 'Semester 1', 2024, 1, 'B-', 2.7, 'passed'),
(38, 'C151', 'Semester 1', 2024, 1, 'C+', 2.3, 'passed'),
(38, 'C195', 'Semester 1', 2024, 1, 'D', 1.0, 'failed'),

(39, 'C119', 'Semester 1', 2024, 1, 'A-', 3.7, 'passed'),
(39, 'C140', 'Semester 1', 2024, 1, 'B+', 3.3, 'passed'),
(39, 'C147', 'Semester 1', 2024, 1, 'B', 3.0, 'passed'),
(39, 'C151', 'Semester 1', 2024, 1, 'A-', 3.7, 'passed'),
(39, 'C195', 'Semester 1', 2024, 1, 'B+', 3.3, 'passed'),

(40, 'C103', 'Semester 1', 2024, 1, 'B-', 2.7, 'passed'),
(40, 'C135', 'Semester 1', 2024, 1, 'C', 2.0, 'passed'),
(40, 'C143', 'Semester 1', 2024, 1, 'B', 3.0, 'passed'),
(40, 'C172', 'Semester 1', 2024, 1, 'C+', 2.3, 'passed'),
(40, 'C185', 'Semester 1', 2024, 1, 'C', 2.0, 'passed'),

(41, 'C132', 'Semester 1', 2024, 1, 'A', 4.0, 'passed'),
(41, 'C133', 'Semester 1', 2024, 1, 'A-', 3.7, 'passed'),
(41, 'C175', 'Semester 1', 2024, 1, 'B+', 3.3, 'passed'),
(41, 'C200', 'Semester 1', 2024, 1, 'A', 4.0, 'passed'),
(41, 'C104', 'Semester 1', 2024, 1, 'B+', 3.3, 'passed'),

(42, 'C108', 'Semester 1', 2024, 1, 'B+', 3.3, 'passed'),
(42, 'C110', 'Semester 1', 2024, 1, 'B', 3.0, 'passed'),
(42, 'C150', 'Semester 1', 2024, 1, 'C+', 2.3, 'passed'),
(42, 'C159', 'Semester 1', 2024, 1, 'B-', 2.7, 'passed'),
(42, 'C188', 'Semester 1', 2024, 1, 'C', 2.0, 'passed'),

(43, 'C139', 'Semester 1', 2024, 1, 'B+', 3.3, 'passed'),
(43, 'C156', 'Semester 1', 2024, 1, 'B', 3.0, 'passed'),
(43, 'C163', 'Semester 1', 2024, 1, 'B-', 2.7, 'passed'),
(43, 'C176', 'Semester 1', 2024, 1, 'A-', 3.7, 'passed'),
(43, 'C179', 'Semester 1', 2024, 1, 'B+', 3.3, 'passed'),

(44, 'C139', 'Semester 1', 2024, 1, 'C+', 2.3, 'passed'),
(44, 'C156', 'Semester 1', 2024, 1, 'D+', 1.3, 'failed'),
(44, 'C163', 'Semester 1', 2024, 1, 'B-', 2.7, 'passed'),
(44, 'C176', 'Semester 1', 2024, 1, 'C', 2.0, 'passed'),
(44, 'C179', 'Semester 1', 2024, 1, 'D', 1.0, 'failed'),

(45, 'C139', 'Semester 1', 2024, 1, 'A-', 3.7, 'passed'),
(45, 'C156', 'Semester 1', 2024, 1, 'B+', 3.3, 'passed'),
(45, 'C163', 'Semester 1', 2024, 1, 'B', 3.0, 'passed'),
(45, 'C176', 'Semester 1', 2024, 1, 'A-', 3.7, 'passed'),
(45, 'C179', 'Semester 1', 2024, 1, 'B+', 3.3, 'passed'),

(46, 'C170', 'Semester 1', 2024, 1, 'C', 2.0, 'passed'),
(46, 'C177', 'Semester 1', 2024, 1, 'D+', 1.3, 'failed'),
(46, 'C181', 'Semester 1', 2024, 1, 'B-', 2.7, 'passed'),
(46, 'C182', 'Semester 1', 2024, 1, 'C+', 2.3, 'passed'),
(46, 'C190', 'Semester 1', 2024, 1, 'D', 1.0, 'failed'),

(47, 'C132', 'Semester 1', 2024, 1, 'A', 4.0, 'passed'),
(47, 'C133', 'Semester 1', 2024, 1, 'A-', 3.7, 'passed'),
(47, 'C175', 'Semester 1', 2024, 1, 'A', 4.0, 'passed'),
(47, 'C200', 'Semester 1', 2024, 1, 'A', 4.0, 'passed'),
(47, 'C104', 'Semester 1', 2024, 1, 'B+', 3.3, 'passed'),

(48, 'C170', 'Semester 1', 2024, 1, 'F', 0.0, 'failed'),
(48, 'C177', 'Semester 1', 2024, 1, 'D+', 1.3, 'failed'),
(48, 'C181', 'Semester 1', 2024, 1, 'C', 2.0, 'passed'),
(48, 'C182', 'Semester 1', 2024, 1, 'F', 0.0, 'failed'),
(48, 'C190', 'Semester 1', 2024, 1, 'D', 1.0, 'failed'),

(49, 'C132', 'Semester 1', 2024, 1, 'B', 3.0, 'passed'),
(49, 'C133', 'Semester 1', 2024, 1, 'B-', 2.7, 'passed'),
(49, 'C175', 'Semester 1', 2024, 1, 'C+', 2.3, 'passed'),
(49, 'C200', 'Semester 1', 2024, 1, 'B', 3.0, 'passed'),
(49, 'C104', 'Semester 1', 2024, 1, 'C', 2.0, 'passed'),

(50, 'C139', 'Semester 1', 2024, 1, 'A-', 3.7, 'passed'),
(50, 'C156', 'Semester 1', 2024, 1, 'B+', 3.3, 'passed'),
(50, 'C163', 'Semester 1', 2024, 1, 'B', 3.0, 'passed'),
(50, 'C176', 'Semester 1', 2024, 1, 'A-', 3.7, 'passed'),
(50, 'C179', 'Semester 1', 2024, 1, 'B+', 3.3, 'passed');

INSERT INTO RecoveryPlans (student_id, course_code, task, deadline, status) VALUES
(6, 'C105', 'Complete additional lab exercises and resit exam', '2025-02-15 23:59:59', 'active'),
(6, 'C116', 'Attend remedial classes and complete all assignments', '2025-02-20 23:59:59', 'active'),
(6, 'C155', 'Review lecture notes and submit practice exams', '2025-02-25 23:59:59', 'active'),
(6, 'C157', 'Complete extra credit assignments', '2025-03-01 23:59:59', 'active'),
(8, 'C105', 'Complete all lab exercises and resit exam', '2025-02-15 23:59:59', 'active'),
(8, 'C116', 'Attend extra lab sessions and complete all labs', '2025-02-20 23:59:59', 'active'),
(8, 'C155', 'Review course materials and submit practice tests', '2025-02-25 23:59:59', 'active'),
(8, 'C157', 'Complete additional programming assignments', '2025-03-01 23:59:59', 'active'),
(21, 'C127', 'Complete history research paper and resubmit', '2025-02-18 23:59:59', 'active'),
(21, 'C130', 'Attend remedial history classes', '2025-02-22 23:59:59', 'active'),
(21, 'C166', 'Complete additional history assignments', '2025-02-28 23:59:59', 'active'),
(21, 'C198', 'Resubmit essay with corrections', '2025-03-05 23:59:59', 'active'),
(35, 'C109', 'Complete software project and resubmit', '2025-02-20 23:59:59', 'active'),
(35, 'C114', 'Attend extra software engineering labs', '2025-02-25 23:59:59', 'active'),
(35, 'C167', 'Complete additional programming exercises', '2025-03-01 23:59:59', 'active'),
(35, 'C191', 'Resubmit final project with improvements', '2025-03-10 23:59:59', 'active'),
(48, 'C170', 'Complete statistics assignments and resit exam', '2025-02-15 23:59:59', 'active'),
(48, 'C177', 'Attend remedial statistics classes', '2025-02-20 23:59:59', 'active'),
(48, 'C182', 'Complete additional problem sets', '2025-02-25 23:59:59', 'active'),
(48, 'C190', 'Review course materials and submit practice exams', '2025-03-01 23:59:59', 'active');
